{
  "config": {
    "num_agents": 20,
    "num_malicious": 5,
    "num_steps": 100,
    "dim": 6,
    "num_runs": 100
  },
  "summary": {
    "euclidean": {
      "auc": {
        "mean": 0.9995333333333332,
        "std": 0.0019447936194419793,
        "min": 0.9866666666666667,
        "max": 1.0
      },
      "optimal_tpr": {
        "mean": 1.0,
        "std": 0.0,
        "min": 1.0,
        "max": 1.0
      },
      "optimal_fpr": {
        "mean": 0.0,
        "std": 0.0,
        "min": 0.0,
        "max": 0.0
      },
      "tpr_at_5pct_fpr": {
        "mean": 1.0,
        "std": 0.0,
        "min": 1.0,
        "max": 1.0
      },
      "separation": {
        "mean": 70.20794356238797,
        "std": 14.987197315066394,
        "min": 32.05396967421966,
        "max": 125.43557769770328
      }
    },
    "hyperbolic": {
      "auc": {
        "mean": 0.9553333333333334,
        "std": 0.03528298299306463,
        "min": 0.8,
        "max": 1.0
      },
      "optimal_tpr": {
        "mean": 1.0,
        "std": 0.0,
        "min": 1.0,
        "max": 1.0
      },
      "optimal_fpr": {
        "mean": 0.0,
        "std": 0.0,
        "min": 0.0,
        "max": 0.0
      },
      "tpr_at_5pct_fpr": {
        "mean": 1.0,
        "std": 0.0,
        "min": 1.0,
        "max": 1.0
      },
      "separation": {
        "mean": 84.37167517684064,
        "std": 28.94157593064535,
        "min": 33.16260022555891,
        "max": 180.4120955914526
      }
    },
    "scalar": {
      "auc": {
        "mean": 0.9954666666666667,
        "std": 0.007416498125425811,
        "min": 0.96,
        "max": 1.0
      },
      "optimal_tpr": {
        "mean": 1.0,
        "std": 0.0,
        "min": 1.0,
        "max": 1.0
      },
      "optimal_fpr": {
        "mean": 0.0,
        "std": 0.0,
        "min": 0.0,
        "max": 0.0
      },
      "tpr_at_5pct_fpr": {
        "mean": 1.0,
        "std": 0.0,
        "min": 1.0,
        "max": 1.0
      },
      "separation": {
        "mean": 44.877652382721614,
        "std": 9.257385408378866,
        "min": 21.469279990943797,
        "max": 73.8101909260313
      }
    }
  }
}